<?xml version="1.0" encoding="UTF-8"?>
<database defaultPhpNamingMethod="underscore" heavyIndexing="false" name="propel" defaultIdMethod="native" noXsd="true" package="lib.model"><table skipSql="false" abstract="false" name="client" idMethod="native"><column lazyLoad="false" name="id" type="INTEGER" required="true" autoIncrement="true" primaryKey="true"/><column primaryKey="false" required="false" autoIncrement="false" lazyLoad="false" name="location_id" type="integer"/><column primaryKey="false" required="false" autoIncrement="false" lazyLoad="false" name="client_identification" type="VARCHAR" size="50"/><column primaryKey="false" required="false" autoIncrement="false" lazyLoad="false" name="client_name" type="VARCHAR" size="50"/><column primaryKey="false" required="false" autoIncrement="false" lazyLoad="false" name="address" type="VARCHAR" size="50"/><column primaryKey="false" required="false" autoIncrement="false" lazyLoad="false" name="address_2" type="VARCHAR" size="50"/><column primaryKey="false" required="false" autoIncrement="false" lazyLoad="false" name="city" type="VARCHAR" size="50"/><column primaryKey="false" required="false" autoIncrement="false" lazyLoad="false" name="state" type="VARCHAR" size="50"/><column primaryKey="false" required="false" autoIncrement="false" lazyLoad="false" name="zip" type="VARCHAR" size="50"/><column primaryKey="false" required="false" autoIncrement="false" lazyLoad="false" name="attn" type="VARCHAR" size="50"/><column primaryKey="false" required="false" autoIncrement="false" lazyLoad="false" name="email" type="VARCHAR" size="50"/><column primaryKey="false" required="false" autoIncrement="false" lazyLoad="false" name="phone" type="VARCHAR" size="50"/><column primaryKey="false" required="false" autoIncrement="false" lazyLoad="false" name="ext" type="VARCHAR" size="50"/><column primaryKey="false" required="false" autoIncrement="false" lazyLoad="false" name="category" type="VARCHAR" size="50"/><column primaryKey="false" required="false" autoIncrement="false" lazyLoad="false" name="notes" type="VARCHAR" size="50"/><column primaryKey="false" required="false" autoIncrement="false" lazyLoad="false" name="all_devices" type="INTEGER"/><column primaryKey="false" required="false" autoIncrement="false" lazyLoad="false" name="freq_approved" type="INTEGER" default="0"/><column primaryKey="false" required="false" autoIncrement="false" lazyLoad="false" name="created_at" type="TIMESTAMP"/><column primaryKey="false" required="false" autoIncrement="false" lazyLoad="false" name="updated_at" type="TIMESTAMP"/><column primaryKey="false" required="false" autoIncrement="false" lazyLoad="false" name="frequency" type="VARBINARY"/><column primaryKey="false" required="false" autoIncrement="false" lazyLoad="false" name="anesthesia" type="VARCHAR" size="50"/><column primaryKey="false" required="false" autoIncrement="false" lazyLoad="false" name="medgas" type="VARCHAR" size="50"/><column primaryKey="false" required="false" autoIncrement="false" lazyLoad="false" name="require_coords_update" type="INTEGER" default="1"/><column primaryKey="false" required="false" autoIncrement="false" lazyLoad="false" name="addressType" type="INTEGER" default="1"/><column primaryKey="false" autoIncrement="false" lazyLoad="false" name="secondary_address" type="VARCHAR" size="50" required="true" default="null"/><column primaryKey="false" autoIncrement="false" lazyLoad="false" name="secondary_address_2" type="VARCHAR" size="50" required="true" default="null"/><column primaryKey="false" autoIncrement="false" lazyLoad="false" name="secondary_city" type="VARCHAR" size="50" required="true" default="null"/><column primaryKey="false" autoIncrement="false" lazyLoad="false" name="secondary_state" type="VARCHAR" size="50" required="true" default="null"/><column primaryKey="false" autoIncrement="false" lazyLoad="false" name="secondary_zip" type="VARCHAR" size="50" required="true" default="null"/><column primaryKey="false" autoIncrement="false" lazyLoad="false" name="secondary_attn" type="VARCHAR" size="50" required="true" default="null"/><foreign-key onDelete="none" onUpdate="none" foreignTable="location"><reference local="location_id" foreign="id"/></foreign-key><index name="client_Fl_1"><index-column name="location_id"/></index></table><table skipSql="false" abstract="false" name="cordinates" idMethod="native"><column lazyLoad="false" name="id" type="INTEGER" required="true" autoIncrement="true" primaryKey="true"/><column primaryKey="false" required="false" autoIncrement="false" lazyLoad="false" name="client_id" type="INTEGER"/><column primaryKey="false" required="false" autoIncrement="false" lazyLoad="false" name="lat" type="DOUBLE"/><column primaryKey="false" required="false" autoIncrement="false" lazyLoad="false" name="lon" type="DOUBLE"/><column primaryKey="false" required="false" autoIncrement="false" lazyLoad="false" name="found" type="INTEGER" default="0"/><index name="clientid_indx"><index-column name="client_id"/></index></table><table skipSql="false" abstract="false" name="device" idMethod="native"><column lazyLoad="false" name="id" type="INTEGER" required="true" autoIncrement="true" primaryKey="true"/><column primaryKey="false" required="false" autoIncrement="false" lazyLoad="false" name="specification_id" type="integer"/><column primaryKey="false" required="false" autoIncrement="false" lazyLoad="false" name="client_id" type="integer"/><column primaryKey="false" required="false" autoIncrement="false" lazyLoad="false" name="serial_number" type="VARCHAR" size="50"/><column primaryKey="false" required="false" autoIncrement="false" lazyLoad="false" name="location" type="VARCHAR" size="50"/><column primaryKey="false" required="false" autoIncrement="false" lazyLoad="false" name="frequency" type="VARCHAR" size="50"/><column primaryKey="false" required="false" autoIncrement="false" lazyLoad="false" name="status" type="VARCHAR" size="50"/><column primaryKey="false" required="false" autoIncrement="false" lazyLoad="false" name="identification" type="VARCHAR" size="50"/><column primaryKey="false" required="false" autoIncrement="false" lazyLoad="false" name="created_at" type="TIMESTAMP"/><column primaryKey="false" required="false" autoIncrement="false" lazyLoad="false" name="updated_at" type="TIMESTAMP"/><column primaryKey="false" required="false" autoIncrement="false" lazyLoad="false" name="comments" type="VARCHAR" size="300"/><column primaryKey="false" required="false" autoIncrement="false" lazyLoad="false" name="last_pm_date" type="VARCHAR" size="50"/><foreign-key onDelete="none" onUpdate="none" foreignTable="specification"><reference local="specification_id" foreign="id"/></foreign-key><foreign-key onDelete="none" onUpdate="none" foreignTable="client"><reference local="client_id" foreign="id"/></foreign-key><unique name="my_index"><unique-column name="specification_id"/><unique-column name="serial_number"/></unique></table><table skipSql="false" abstract="false" name="device_checkup" idMethod="native"><column lazyLoad="false" name="id" type="INTEGER" required="true" autoIncrement="true" primaryKey="true"/><column primaryKey="false" required="false" autoIncrement="false" lazyLoad="false" name="device_id" type="INTEGER"/><column primaryKey="false" required="false" autoIncrement="false" lazyLoad="false" name="client_id" type="integer"/><column primaryKey="false" required="false" autoIncrement="false" lazyLoad="false" name="device_identification" type="VARCHAR" size="50"/><column primaryKey="false" required="false" autoIncrement="false" lazyLoad="false" name="row_indicator" type="VARCHAR" size="50"/><column primaryKey="false" required="false" autoIncrement="false" lazyLoad="false" name="device_tech_id" type="VARCHAR" size="50"/><column primaryKey="false" required="false" autoIncrement="false" lazyLoad="false" name="pass_fail_code" type="VARCHAR" size="50"/><column primaryKey="false" required="false" autoIncrement="false" lazyLoad="false" name="rec_number" type="VARCHAR" size="50"/><column primaryKey="false" required="false" autoIncrement="false" lazyLoad="false" name="row_purpose" type="VARCHAR" size="50"/><column primaryKey="false" required="false" autoIncrement="false" lazyLoad="false" name="physical_inspection" type="VARCHAR" size="50"/><column primaryKey="false" required="false" autoIncrement="false" lazyLoad="false" name="room" type="VARCHAR" size="50"/><column primaryKey="false" required="false" autoIncrement="false" lazyLoad="false" name="time" type="VARCHAR" size="50"/><column primaryKey="false" required="false" autoIncrement="false" lazyLoad="false" name="date" type="VARCHAR" size="50"/><column primaryKey="false" required="false" autoIncrement="false" lazyLoad="false" name="pass_fail" type="VARCHAR" size="50"/><foreign-key onDelete="none" onUpdate="none" foreignTable="client"><reference local="client_id" foreign="id"/></foreign-key></table><table skipSql="false" abstract="false" name="device_test_data" idMethod="native"><column lazyLoad="false" name="id" type="INTEGER" required="true" autoIncrement="true" primaryKey="true"/><column primaryKey="false" required="false" autoIncrement="false" lazyLoad="false" name="device_checkup_id" type="integer"/><column primaryKey="false" required="false" autoIncrement="false" lazyLoad="false" name="name" type="VARCHAR" size="100"/><column primaryKey="false" required="false" autoIncrement="false" lazyLoad="false" name="type" type="VARCHAR" size="50"/><column primaryKey="false" required="false" autoIncrement="false" lazyLoad="false" name="value" type="VARCHAR" size="50"/><column primaryKey="false" required="false" autoIncrement="false" lazyLoad="false" name="passFail" type="VARCHAR" size="50"/><column primaryKey="false" required="false" autoIncrement="false" lazyLoad="false" name="unit" type="VARCHAR" size="50"/><foreign-key onDelete="none" onUpdate="none" foreignTable="device_checkup"><reference local="device_checkup_id" foreign="id"/></foreign-key><index name="device_test_data_FI_1"><index-column name="device_checkup_id"/></index></table><table skipSql="false" abstract="false" name="devices_failed" idMethod="native"><column lazyLoad="false" name="id" type="INTEGER" required="true" autoIncrement="true" primaryKey="true"/><column primaryKey="false" required="false" autoIncrement="false" lazyLoad="false" name="device_id" type="integer"/><column primaryKey="false" required="false" autoIncrement="false" lazyLoad="false" name="report_id" type="INTEGER"/><column primaryKey="false" required="false" autoIncrement="false" lazyLoad="false" name="client_id" type="VARCHAR" size="50"/><column primaryKey="false" required="false" autoIncrement="false" lazyLoad="false" name="status" type="VARCHAR" size="50"/><foreign-key onDelete="none" onUpdate="none" foreignTable="device"><reference local="device_id" foreign="id"/></foreign-key><index name="devices_failed_FI_1"><index-column name="device_id"/></index></table><table skipSql="false" abstract="false" name="devices_files" idMethod="native"><column lazyLoad="false" name="id" type="INTEGER" required="true" autoIncrement="true" primaryKey="true"/><column primaryKey="false" required="false" autoIncrement="false" lazyLoad="false" name="filename" type="VARCHAR" size="250"/><column primaryKey="false" required="false" autoIncrement="false" lazyLoad="false" name="created_at" type="TIMESTAMP"/><column primaryKey="false" required="false" autoIncrement="false" lazyLoad="false" name="updated_at" type="TIMESTAMP"/></table><table skipSql="false" abstract="false" name="distances" idMethod="native"><column lazyLoad="false" name="id" type="INTEGER" required="true" autoIncrement="true" primaryKey="true"/><column primaryKey="false" required="false" autoIncrement="false" lazyLoad="false" name="client_id_1" type="INTEGER"/><column primaryKey="false" required="false" autoIncrement="false" lazyLoad="false" name="client_id_2" type="INTEGER"/><column primaryKey="false" required="false" autoIncrement="false" lazyLoad="false" name="travel_time_hours" type="INTEGER"/><column primaryKey="false" required="false" autoIncrement="false" lazyLoad="false" name="travel_time_mins" type="INTEGER"/><column primaryKey="false" required="false" autoIncrement="false" lazyLoad="false" name="travel_distance" type="INTEGER"/><column primaryKey="false" required="false" autoIncrement="false" lazyLoad="false" name="updated_at" type="TIMESTAMP"/><index name="client1_indx"><index-column name="client_id_1"/></index><index name="client2_indx"><index-column name="client_id_2"/></index></table><table skipSql="false" abstract="false" name="dropdown" idMethod="native"><column lazyLoad="false" name="id" type="INTEGER" required="true" autoIncrement="true" primaryKey="true"/><column primaryKey="false" autoIncrement="false" lazyLoad="false" name="menu" type="VARCHAR" size="50" required="true" default="&lt;null&gt;"/><column primaryKey="false" autoIncrement="false" lazyLoad="false" name="value" type="VARCHAR" size="50" required="true" default="&lt;null&gt;"/><column primaryKey="false" required="false" autoIncrement="false" lazyLoad="false" name="created_at" type="TIMESTAMP"/><column primaryKey="false" required="false" autoIncrement="false" lazyLoad="false" name="updated_at" type="TIMESTAMP"/></table><table skipSql="false" abstract="false" name="final_device_report" idMethod="native"><column lazyLoad="false" name="id" type="INTEGER" required="true" autoIncrement="true" primaryKey="true"/><column primaryKey="false" required="false" autoIncrement="false" lazyLoad="false" name="client_id" type="VARCHAR" size="50"/><column primaryKey="false" required="false" autoIncrement="false" lazyLoad="false" name="date" type="VARCHAR" size="50"/><column primaryKey="false" required="false" autoIncrement="false" lazyLoad="false" name="pass_fail" type="VARCHAR" size="250"/><column primaryKey="false" required="false" autoIncrement="false" lazyLoad="false" name="total_failed" type="INTEGER"/><column primaryKey="false" required="false" autoIncrement="false" lazyLoad="false" name="total_passed" type="INTEGER"/><column primaryKey="false" required="false" autoIncrement="false" lazyLoad="false" name="total_bp" type="INTEGER"/><column primaryKey="false" required="false" autoIncrement="false" lazyLoad="false" name="total_trace" type="INTEGER"/><column primaryKey="false" required="false" autoIncrement="false" lazyLoad="false" name="total_missed" type="INTEGER"/><column primaryKey="false" required="false" autoIncrement="false" lazyLoad="false" name="total_outlets" type="INTEGER"/><column primaryKey="false" required="false" autoIncrement="false" lazyLoad="false" name="contact" type="VARCHAR" size="50"/><column primaryKey="false" required="false" autoIncrement="false" lazyLoad="false" name="created_at" type="TIMESTAMP"/><column primaryKey="false" required="false" autoIncrement="false" lazyLoad="false" name="updated_at" type="TIMESTAMP"/></table><table skipSql="false" abstract="false" name="job_status" idMethod="native"><column lazyLoad="false" name="id" type="INTEGER" required="true" autoIncrement="true" primaryKey="true"/><column primaryKey="false" autoIncrement="false" lazyLoad="false" name="status_name" type="VARCHAR" size="50" required="true" default="&lt;null&gt;"/><column primaryKey="false" required="false" autoIncrement="false" lazyLoad="false" name="created_at" type="TIMESTAMP"/><column primaryKey="false" required="false" autoIncrement="false" lazyLoad="false" name="updated_at" type="TIMESTAMP"/><column primaryKey="false" required="false" autoIncrement="false" lazyLoad="false" name="workorder_type_id" type="INTEGER"/><unique name="job_status_status_name_unique"><unique-column name="status_name"/></unique></table><table skipSql="false" abstract="false" name="job_type" idMethod="native"><column lazyLoad="false" name="id" type="INTEGER" required="true" autoIncrement="true" primaryKey="true"/><column primaryKey="false" required="false" autoIncrement="false" lazyLoad="false" name="type_name" type="VARCHAR" size="50" default="&lt;null&gt;"/><column primaryKey="false" required="false" autoIncrement="false" lazyLoad="false" name="created_at" type="TIMESTAMP"/><column primaryKey="false" required="false" autoIncrement="false" lazyLoad="false" name="updated_at" type="TIMESTAMP"/><unique name="job_type_type_name_unique"><unique-column name="type_name"/></unique></table><table skipSql="false" abstract="false" name="location" idMethod="native"><column lazyLoad="false" name="id" type="INTEGER" required="true" autoIncrement="true" primaryKey="true"/><column primaryKey="false" autoIncrement="false" lazyLoad="false" name="latitude" type="VARCHAR" size="50" required="true" default="&lt;null&gt;"/><column primaryKey="false" autoIncrement="false" lazyLoad="false" name="longitude" type="VARCHAR" size="50" required="true" default="&lt;null&gt;"/><column primaryKey="false" required="false" autoIncrement="false" lazyLoad="false" name="created_at" type="TIMESTAMP"/><column primaryKey="false" required="false" autoIncrement="false" lazyLoad="false" name="updated_at" type="TIMESTAMP"/></table><table skipSql="false" abstract="false" name="qualifications" idMethod="native"><column lazyLoad="false" name="id" type="INTEGER" required="true" autoIncrement="true" primaryKey="true"/><column primaryKey="false" required="false" autoIncrement="false" lazyLoad="false" name="user_id" type="integer"/><column primaryKey="false" required="false" autoIncrement="false" lazyLoad="false" name="device_id" type="integer"/><column primaryKey="false" required="false" autoIncrement="false" lazyLoad="false" name="created_at" type="timestamp"/><column primaryKey="false" required="false" autoIncrement="false" lazyLoad="false" name="updated_at" type="timestamp"/><foreign-key onDelete="none" onUpdate="none" foreignTable="user"><reference local="user_id" foreign="id"/></foreign-key><foreign-key onDelete="none" onUpdate="none" foreignTable="device"><reference local="device_id" foreign="id"/></foreign-key><index name="qualifications_FI_1"><index-column name="user_id"/></index><index name="qualifications_FI_2"><index-column name="device_id"/></index></table><table skipSql="false" abstract="false" name="specification" idMethod="native"><column lazyLoad="false" name="id" type="INTEGER" required="true" autoIncrement="true" primaryKey="true"/><column primaryKey="false" required="false" autoIncrement="false" lazyLoad="false" name="device_name" type="VARCHAR" size="50"/><column primaryKey="false" required="false" autoIncrement="false" lazyLoad="false" name="manufacturer" type="VARCHAR" size="50"/><column primaryKey="false" required="false" autoIncrement="false" lazyLoad="false" name="model_number" type="VARCHAR" size="50"/><column primaryKey="false" required="false" autoIncrement="false" lazyLoad="false" name="created_at" type="timestamp"/><column primaryKey="false" required="false" autoIncrement="false" lazyLoad="false" name="updated_at" type="timestamp"/></table><table skipSql="false" abstract="false" name="tech_distances" idMethod="native"><column lazyLoad="false" name="id" type="INTEGER" required="true" autoIncrement="true" primaryKey="true"/><column primaryKey="false" required="false" autoIncrement="false" lazyLoad="false" name="tech_id" type="INTEGER"/><column primaryKey="false" required="false" autoIncrement="false" lazyLoad="false" name="client_id" type="INTEGER"/><column primaryKey="false" required="false" autoIncrement="false" lazyLoad="false" name="travel_time_hours" type="INTEGER"/><column primaryKey="false" required="false" autoIncrement="false" lazyLoad="false" name="travel_time_mins" type="INTEGER"/><column primaryKey="false" required="false" autoIncrement="false" lazyLoad="false" name="travel_distance" type="FLOAT"/><column primaryKey="false" required="false" autoIncrement="false" lazyLoad="false" name="updated_at" type="timestamp"/></table><table skipSql="false" abstract="false" name="unprocessed_devices" idMethod="native"><column lazyLoad="false" name="id" type="INTEGER" required="true" autoIncrement="true" primaryKey="true"/><column primaryKey="false" required="false" autoIncrement="false" lazyLoad="false" name="filename" type="VARCHAR" size="250"/><column primaryKey="false" required="false" autoIncrement="false" lazyLoad="false" name="device_id" type="VARCHAR" size="50"/><column primaryKey="false" required="false" autoIncrement="false" lazyLoad="false" name="created_at" type="timestamp"/><column primaryKey="false" required="false" autoIncrement="false" lazyLoad="false" name="updated_at" type="timestamp"/><unique name="un_filename"><unique-column name="filename"/><unique-column name="device_id"/></unique></table><table skipSql="false" abstract="false" name="user" idMethod="native"><column lazyLoad="false" name="id" type="INTEGER" required="true" autoIncrement="true" primaryKey="true"/><column primaryKey="false" required="false" autoIncrement="false" lazyLoad="false" name="user_name" type="VARCHAR" size="50"/><column primaryKey="false" required="false" autoIncrement="false" lazyLoad="false" name="first_name" type="VARCHAR" size="50"/><column primaryKey="false" required="false" autoIncrement="false" lazyLoad="false" name="last_name" type="VARCHAR" size="50"/><column primaryKey="false" required="false" autoIncrement="false" lazyLoad="false" name="email" type="VARCHAR" size="50"/><column primaryKey="false" required="false" autoIncrement="false" lazyLoad="false" name="phone" type="VARCHAR" size="50"/><column primaryKey="false" required="false" autoIncrement="false" lazyLoad="false" name="address" type="VARCHAR" size="50"/><column primaryKey="false" required="false" autoIncrement="false" lazyLoad="false" name="address_2" type="VARCHAR" size="50"/><column primaryKey="false" required="false" autoIncrement="false" lazyLoad="false" name="city" type="VARCHAR" size="50"/><column primaryKey="false" required="false" autoIncrement="false" lazyLoad="false" name="state" type="VARCHAR" size="50"/><column primaryKey="false" required="false" autoIncrement="false" lazyLoad="false" name="zip" type="VARCHAR" size="50"/><column primaryKey="false" required="false" autoIncrement="false" lazyLoad="false" name="password" type="VARCHAR" size="64"/><column primaryKey="false" required="false" autoIncrement="false" lazyLoad="false" name="start_time" type="VARCHAR" size="50"/><column primaryKey="false" required="false" autoIncrement="false" lazyLoad="false" name="end_time" type="VARCHAR" size="50"/><column primaryKey="false" required="false" autoIncrement="false" lazyLoad="false" name="location_id" type="INTEGER"/><column primaryKey="false" required="false" autoIncrement="false" lazyLoad="false" name="created_at" type="TIMESTAMP"/><column primaryKey="false" required="false" autoIncrement="false" lazyLoad="false" name="updated_at" type="TIMESTAMP"/><column primaryKey="false" required="false" autoIncrement="false" lazyLoad="false" name="user_type_id" type="integer"/><column primaryKey="false" required="false" autoIncrement="false" lazyLoad="false" name="weight" type="INTEGER"/><column primaryKey="false" required="false" autoIncrement="false" lazyLoad="false" name="admin" type="INTEGER" default="0"/><foreign-key onDelete="none" onUpdate="none" foreignTable="user_type"><reference local="user_type_id" foreign="id"/></foreign-key><index name="user_user_name_index"><index-column name="user_name"/></index></table><table skipSql="false" abstract="false" name="user_type" idMethod="native"><column lazyLoad="false" name="id" type="INTEGER" required="true" autoIncrement="true" primaryKey="true"/><column primaryKey="false" autoIncrement="false" lazyLoad="false" name="type_name" type="VARCHAR" size="50" required="true" default="&lt;null&gt;"/><column primaryKey="false" required="false" autoIncrement="false" lazyLoad="false" name="created_at" type="timestamp"/><column primaryKey="false" required="false" autoIncrement="false" lazyLoad="false" name="updated_at" type="timestamp"/><unique name="idxUserTypeName"><unique-column name="type_name"/></unique></table><table skipSql="false" abstract="false" name="workorder" idMethod="native"><column lazyLoad="false" name="id" type="INTEGER" required="true" autoIncrement="true" primaryKey="true"/><column primaryKey="false" required="false" autoIncrement="false" lazyLoad="false" name="device_id" type="integer"/><column primaryKey="false" required="false" autoIncrement="false" lazyLoad="false" name="client_id" type="integer"/><column primaryKey="false" required="false" autoIncrement="false" lazyLoad="false" name="tech" type="INTEGER"/><column primaryKey="false" required="false" autoIncrement="false" lazyLoad="false" name="office" type="INTEGER"/><column primaryKey="false" required="false" autoIncrement="false" lazyLoad="false" name="assigned_by" type="INTEGER"/><column primaryKey="false" required="false" autoIncrement="false" lazyLoad="false" name="page_number" type="VARCHAR" size="50"/><column primaryKey="false" required="false" autoIncrement="false" lazyLoad="false" name="travel_time" type="VARCHAR" size="50"/><column primaryKey="false" required="false" autoIncrement="false" lazyLoad="false" name="onsite_time" type="VARCHAR" size="50"/><column primaryKey="false" required="false" autoIncrement="false" lazyLoad="false" name="zip" type="VARCHAR" size="50"/><column primaryKey="false" required="false" autoIncrement="false" lazyLoad="false" name="date_recieved" type="VARCHAR" size="50"/><column primaryKey="false" required="false" autoIncrement="false" lazyLoad="false" name="date_completed" type="VARCHAR" size="50"/><column primaryKey="false" required="false" autoIncrement="false" lazyLoad="false" name="invoice" type="VARCHAR" size="50"/><column primaryKey="false" required="false" autoIncrement="false" lazyLoad="false" name="reason" type="VARCHAR" size="50"/><column primaryKey="false" required="false" autoIncrement="false" lazyLoad="false" name="action_taken" type="VARCHAR" size="50"/><column primaryKey="false" required="false" autoIncrement="false" lazyLoad="false" name="remarks" type="VARCHAR" size="150"/><column primaryKey="false" required="false" autoIncrement="false" lazyLoad="false" name="job_date" type="VARCHAR" size="50"/><column primaryKey="false" required="false" autoIncrement="false" lazyLoad="false" name="job_start" type="VARCHAR" size="50"/><column primaryKey="false" required="false" autoIncrement="false" lazyLoad="false" name="job_end" type="VARCHAR" size="50"/><column primaryKey="false" required="false" autoIncrement="false" lazyLoad="false" name="exact_time" type="INTEGER"/><column primaryKey="false" required="false" autoIncrement="false" lazyLoad="false" name="created_at" type="TIMESTAMP"/><column primaryKey="false" required="false" autoIncrement="false" lazyLoad="false" name="updated_at" type="TIMESTAMP"/><column primaryKey="false" required="false" autoIncrement="false" lazyLoad="false" name="job_status_id" type="integer"/><column primaryKey="false" required="false" autoIncrement="false" lazyLoad="false" name="job_type_id" type="integer"/><column primaryKey="false" required="false" autoIncrement="false" lazyLoad="false" name="workorder_type_id" type="integer"/><column primaryKey="false" required="false" autoIncrement="false" lazyLoad="false" name="caller" type="VARCHAR" size="75"/><column primaryKey="false" required="false" autoIncrement="false" lazyLoad="false" name="job_scheduled_date" type="VARCHAR" size="50"/><foreign-key onDelete="none" onUpdate="none" foreignTable="device"><reference local="device_id" foreign="id"/></foreign-key><foreign-key onDelete="none" onUpdate="none" foreignTable="client"><reference local="client_id" foreign="id"/></foreign-key><foreign-key onDelete="none" onUpdate="none" foreignTable="job_status"><reference local="job_status_id" foreign="id"/></foreign-key><foreign-key onDelete="none" onUpdate="none" foreignTable="job_type"><reference local="job_type_id" foreign="id"/></foreign-key><foreign-key onDelete="none" onUpdate="none" foreignTable="workorder_type"><reference local="workorder_type_id" foreign="id"/></foreign-key><index name="workorder_FI_1"><index-column name="device_id"/></index><index name="workorder_FI_2"><index-column name="client_id"/></index></table><table skipSql="false" abstract="false" name="workorder_tech" idMethod="native"><column lazyLoad="false" name="id" type="INTEGER" required="true" autoIncrement="true" primaryKey="true"/><column primaryKey="false" required="false" autoIncrement="false" lazyLoad="false" name="workorder_id" type="INTEGER"/><column primaryKey="false" required="false" autoIncrement="false" lazyLoad="false" name="user_id" type="INTEGER"/><column primaryKey="false" required="false" autoIncrement="false" lazyLoad="false" name="created_at" type="TIMESTAMP"/><column primaryKey="false" required="false" autoIncrement="false" lazyLoad="false" name="updated_at" type="TIMESTAMP"/><index name="workorder_tech_FI_1"><index-column name="workorder_id"/></index><index name="workorder_tech_FI_2"><index-column name="user_id"/></index></table><table skipSql="false" abstract="false" name="workorder_type" idMethod="native"><column lazyLoad="false" name="id" type="INTEGER" required="true" autoIncrement="true" primaryKey="true"/><column primaryKey="false" autoIncrement="false" lazyLoad="false" name="type_name" type="VARCHAR" size="50" required="true" default="&lt;null&gt;"/><column primaryKey="false" required="false" autoIncrement="false" lazyLoad="false" name="created_at" type="TIMESTAMP"/><column primaryKey="false" required="false" autoIncrement="false" lazyLoad="false" name="updated_at" type="TIMESTAMP"/><unique name="workorder_type_type_name_unique"><unique-column name="type_name"/></unique></table></database>
